"","StationCode","SampleID","SampleDate","H_ASCI","D_ASCI","DS_Dur_WS","DS_Mag_50","DS_Mag_90","DS_Tim","FA_Dur","FA_Mag","FA_Tim","Q99","SP_Dur","SP_Mag","SP_ROC","SP_Tim","Wet_BFL_Dur","Wet_BFL_Mag_10","Wet_BFL_Mag_50","Wet_Tim"
"1","312PS0099","312PS0099_2010-06-14 00:00:00_2",2010-06-14,0.782201944593987,0.728722061621888,0,-0.00095,-0.00085,0,NA,NA,NA,-0.006,0,0.02905,0,0,0,0.0016,-0.0062,0
"2","402BA0079","402BA0079_2008-05-28 00:00:00_1",2008-05-28,0.793628112070901,0.775198809224714,-0.5,-0.08245,-0.1514,-67,NA,NA,NA,9.1296,-8,14.5207,0,0,0,-0.0316,-0.08785,-6
"3","402BA0095","402BA0095_2008-05-29 00:00:00_1",2008-05-29,1.01646346415699,0.891027706280505,0,0,0,0,0,3e-04,0,-0.0032,0,-0.0017,-0.0046,0,-1,0,0.0012,0
"4","402BA0143","402BA0143_2008-05-21 00:00:00_1",2008-05-21,1.01065252717768,0.983947721064575,-159,-0.14105,-0.0489,-4,0,-207.7937,-42,38.6539,0,37.1923,0,0,0,-0.0925,-0.378,0
"5","402BA0287","402BA0287_2008-06-09 00:00:00_1",2008-06-09,1.28058213498969,1.15465365126101,0,-0.002,-0.0032,0,NA,NA,NA,-0.001,0,-0.00605,0,0,0,0.00655,0.00655,0
"6","402BA0335","402BA0335_2008-05-27 00:00:00_2",2008-05-27,0.723236229642546,0.664352916383173,-0.5,0.6024,0.63895,-4,-5,88.5127,0,15.7535,-4,26.2332,5e-04,0,0,0.0485,0.1528,-3
"7","403BA0015","403BA0015_2008-05-19 00:00:00_1",2008-05-19,1.16242699332883,1.03150651337298,0,0,0,0,NA,NA,NA,-0.00025,0,-0.0019,0,0,0,5e-05,0,0
"8","403BA0027","403BA0027_06/18/14_1",2014-06-18,0.945257169,1.02367677,0,-1e-04,-1e-04,0,NA,NA,NA,-0.0277,0,-0.0322,0,0,0,0.0052,0.0043,0
"9","403BA0136","403BA0136_06/17/14_1",2014-06-17,0.847510867,0.878007702,-0.5,-0.0061,-0.00435,0,NA,NA,NA,0.0077,0.5,-0.00435,-0.0035,0,0,-0.0059,-0.0014,0
"10","403BA0171","403BA0171_2008-05-19 00:00:00_1",2008-05-19,1.00163332094663,0.971393078867603,0,-0.0071,-0.0189,0,2,0.1167,0,0.145,0,-0.146,0,0,0,0.0182,-0.018,0
"11","403BA0960","403BA0960_2008-05-21 00:00:00_1",2008-05-21,1.00895479122498,0.926055105271116,1,0,0.898,0,NA,NA,NA,0,-72,0,0,0,-9,-0.7,-0.2298,26
"12","403CE0188","403CE0188_2016-05-26 00:00:00_1",2016-05-26,0.785250713449318,0.820410113365769,-3,0.07775,0.20175,-5,1,1.895,-3.5,1.526,-2,2.8005,2e-04,0,0,0.00265,0.0179,-1
"13","403S00640","403S00640_2009-06-11 00:00:00_2",2009-06-11,0.943640248706109,0.938774774352602,-2,-0.0089,0.0022,-0.5,-1,1.8923,-8,-0.00545,-0.5,-0.0655,0,0,0.5,-0.0092,0.07115,-1
"14","403S00831","403S00831_2010-06-10 00:00:00_1",2010-06-10,0.766520095382181,0.839555453087093,0,2e-04,-0.00035,0,NA,NA,NA,-0.00265,0,-0.0029,0,0,0,0.00025,-0.00015,0
"15","403S00875","403S00875_2010-06-24 00:00:00_1",2010-06-24,1.08305205470244,1.00593042513688,0,0,0,0,NA,NA,NA,1e-04,0,0,0,0,0,0,0,0
"16","403S01195","403S01195_2009-06-10 00:00:00_1",2009-06-10,0.916560756943602,0.820142741277559,0,-0.0143,-0.0228,0,-5,4.0565,0,0.6627,0,1.15605,0,0,0,-0.0053,-0.0232,0
"17","403S01536","403S01536_2011-07-12 00:00:00_2",2011-07-12,0.824554781518597,0.855361386527179,-6,0.01,0.01,-2,NA,NA,NA,0,27,0,-0.0298,-29,-29,-1.09,1.5,0
"18","403S01707","403S01707_2010-06-07 00:00:00_1",2010-06-07,1.05208143075099,0.897657625651159,-1,0.0013,-0.0162,0,NA,NA,NA,0.19775,0,0.04865,0,0,0,0.02995,-0.01205,0
"19","403S01728","403S01728_2011-07-13 00:00:00_1",2011-07-13,0.916725734540218,0.74873934609012,-7,0.01,0.01,-42,NA,NA,NA,0.4165,-43,1.0625,0.0458,0,39,0,0.2,-4
"20","403S01883","403S01883_2010-06-21 00:00:00_1",2010-06-21,0.869519254745484,0.919132104554503,0,1e-04,0.0076,-14,NA,NA,NA,0.0016,0,-0.00455,0,0,-32,0.0012,-0.0089,0
"21","403S02363","403S02363_2011-06-16 00:00:00_1",2011-06-16,0.727686267553356,0.820985223940028,0,-0.0086,-0.0646,0,0,5.651,0,1.22985,0,1.0653,0,0,0,-0.0406,-0.0073,0
"22","403S03643","403S03643_2010-06-24 00:00:00_2",2010-06-24,0.908992159354889,0.899092327396029,0,-0.01075,-0.0218,0,0,5.68165,0,1.2016,0,1.06155,0,0,0,-0.0069,-0.0125,0
"23","403S05291","403S05291_2010-06-07 00:00:00_1",2010-06-07,1.22585288955412,1.09531592078286,0,-0.045,-0.0211,0,-5,3.679,0,0.5949,0,1.129,0,0,0,-0.0047,-0.0313,0
"24","403S06139","403S06139_2012-06-27 00:00:00_1",2012-06-27,0.908940485156752,0.817239306464166,0,-0.0146,-0.025,0,0,4.2219,0,0.7515,0,1.1594,0,0,0,-0.0057,-0.0104,0
"25","403S06315","403S06315_2012-06-27 00:00:00_1",2012-06-27,1.1073808229958,1.040227451633,-1,0.00655,-0.0046,0,NA,NA,NA,0.0196,0,-0.00265,0,0,0,0.0204,-0.0073,0
"26","403S07024","403S07024_2012-06-13 00:00:00_1",2012-06-13,0.850381360792706,0.826920138153301,-1,0.17945,0.0674,-1,0.5,7.47335,-4.5,1.0021,-1,-0.7999,0,0,0,0,-0.36845,0
"27","403S07227","403S07227_2012-06-27 00:00:00_1",2012-06-27,1.12662873098227,1.07486551106897,0,-0.0126,-0.0226,0,0,5.0955,0,1.0313,0,0.94815,0,0,0,-0.0049,-0.0097,0
"28","403S16332","403S16332_2013-06-26 00:00:00_1",2013-06-26,1.00488729390409,0.898976865764096,-1,0.29055,0.2066,0,0,12.6917,-61,2.32875,0,-0.4008,0,0,0,0.0055,-0.67385,0
"29","403WE0501","403WE0501_2013-05-14 00:00:00_1",2013-05-14,1.06154286504498,1.03551556188517,0,0,0,0,NA,NA,NA,0,0,0,0,0,0,0,0,0
"30","403WE0534","403WE0534_2016-05-23 00:00:00_1",2016-05-23,0.957526354169247,0.839303494756114,0,0.14395,0.0319,-1,1,12.7679,0,1.0244,-1,-0.7786,0,0,0,0,-0.3528,-1
"31","403WE0540","403WE0540_05/16/13_1",2013-05-16,1.037713016,1.000542274,3.5,-0.0015,0.00015,0,NA,NA,NA,-0.00175,0,-0.00115,0,0,0,0,-9e-04,0
"32","403WE0682","403WE0682_2016-05-25 00:00:00_1",2016-05-25,0.88543631927827,0.863081073126214,-6,0.01,0.01,-2,NA,NA,NA,0,27,0,-0.0298,-29,-29,-1.09,1.5,0
"33","403WE0683","403WE0683_2013-05-15 00:00:00_1",2013-05-15,1.30397816383168,1.17577393315923,0,-3e-04,-6e-04,0,NA,NA,NA,-0.00305,0,0.00625,0,0,0,5e-05,-7e-04,0
"34","403WE1027","403WE1027_05/30/13_1",2013-05-30,0.61437148,0.732838533,-6,0.01,0.01,-2,0,0.2175,0,0,-2,0,-0.0298,0,0,0.01,1.5,-8
"35","404BA0084","404BA0084_2008-06-04 00:00:00_1",2008-06-04,0.852402622633158,0.869005432463885,-63,0,0.3648,-53,NA,NA,NA,0.0033,-23,0.2035,-0.3969,-30,-5,-0.23,0.4172,-33
"36","404BA0376","404BA0376_2008-06-05 00:00:00_1",2008-06-05,0.695297401761902,0.768127991844377,-9,0,-0.34,-53,NA,NA,NA,0.1278,-58,0.2305,-0.7978,-9,27,-0.23,-0.7,-5
"37","404BA0526","404BA0526_2008-06-04 00:00:00_1",2008-06-04,1.03465698545647,0.976779806951862,-29,0,0.0917,-53,NA,NA,NA,0.0158,-59,0.2107,-0.7555,0,-25,-0.23,-0.7,-33
"38","404BA0616","404BA0616_2008-06-03 00:00:00_1",2008-06-03,0.632469494889102,0.659187701660805,-6,0.01,0.01,-2,NA,NA,NA,0,27,0,-0.0298,-29,-29,-1.09,1.5,-1
"39","404BA0852","404BA0852_06/03/08_1",2008-06-03,0.685567256,0.68218454,-90,0,0.3513,-53,NA,NA,NA,0.0921,-3,0.231,-0.6233,-2,-7,-0.2284,-1.6605,-33
"40","404BA0964","404BA0964_2008-06-04 00:00:00_1",2008-06-04,1.05775988521436,0.938361142833945,-1,0,0.3531,-53,NA,NA,NA,0.0465,-56,0.2157,-0.7014,-2,-5,0.184,-0.7,-5
"41","404BA1144","404BA1144_06/10/08_1",2008-06-10,1.128912965,1.112705053,-7,0,0.0941,-53,NA,NA,NA,0.0791,-57,0.4087,-0.77,-2,-4,-0.23,-0.7,-31
"42","404S00808","404S00808_2010-06-22 00:00:00_1",2010-06-22,0.745728322314427,0.639531929926843,-36,0,-0.387,-3.5,NA,NA,NA,25.66835,-82,16.6068,-0.215,22,29,0.32,0.2,-63
"43","404S01128","404S01128_2010-06-23 00:00:00_1",2010-06-23,0.605758940929945,0.561504676329752,-95,0,0.2986,-52,NA,NA,NA,12.3471,-80,2.2892,-0.6276,-2,33,0.18,0.2,-54
"44","404S02920","404S02920_2009-05-12 00:00:00_1",2009-05-12,0.662618438421021,0.491348580454833,-28,0,-0.32,-3,NA,NA,NA,0.9987,-16,-1.921,-0.46975,25.5,39,-0.1532,-0.6908,-21
"45","404S03048","404S03048_2009-05-13 00:00:00_1",2009-05-13,0.660622463451489,0.550886166234017,-27,0,0.0549,-1,NA,NA,NA,0.3188,-57,0.2047,-0.6394,-1,-7,-0.23,0.2,-31
"46","404S06456","404S06456_2009-05-14 00:00:00_1",2009-05-14,0.870527550493772,0.751929698847741,-16,0,0.1212,-53,NA,NA,NA,1.5087,-74,0.3828,-0.3474,-2,32,0.4337,-0.7,-34
"47","404S08040","404S08040_2009-05-12 00:00:00_1",2009-05-12,0.764632479102734,0.667387077744494,-19,0,-0.34,-0.5,NA,NA,NA,13.90165,-21.5,2.43995,-0.2345,22,27,0.18,-0.2051,-17.5
"48","404S08616","404S08616_2009-05-13 00:00:00_2",2009-05-13,0.736367631533659,0.576548598865372,-55,0.06,-0.51,-44,NA,NA,NA,16.5392,-53.5,13.4418,-0.016,6.5,3,0,0.78455,9.5
"49","404S08846","404S08846_2010-06-22 00:00:00_1",2010-06-22,1.04885453872923,0.833902976516057,-22,0,0.1325,-8,NA,NA,NA,1.6431,-60,-3.941,-0.2762,-2,31,-0.1484,-0.1366,-38
"50","404S11880","404S11880_2011-06-07 00:00:00_2",2011-06-07,0.522644597014353,0.524634525623932,-32,0,0.3327,-14,NA,NA,NA,9.4841,-60,5.12,-0.0276,-2,39,0.2686,-0.7,-14
"51","404S13416","404S13416_2011-06-08 00:00:00_1",2011-06-08,0.57947772761821,0.584680731642637,-99,0,0.37,-72,NA,NA,NA,14.0055,-26,2.4229,-0.5902,9,23,-0.2291,-0.0799,-6
"52","404S14952","404S14952_2011-06-15 00:00:00_1",2011-06-15,0.692826723301971,0.64687034983138,-6,0,0.1876,-66,NA,NA,NA,4.6259,-21,0.2674,-0.4061,-8,1,0.18,-0.682,-12
"53","404S16516","404S16516_2009-05-18 00:00:00_1",2009-05-18,0.656396979972183,0.581758295479628,-15,0.0536,0.46135,-33,7,15.2758,-19.5,33.4522,-31,18.354,0,32,57,0.0079,4.0921,-26
"54","404S17266","404S17266_2009-05-19 00:00:00_1",2009-05-19,0.616869437829592,0.623817273038217,-90,0,0.289,-43,NA,NA,NA,11.8982,-21,1.514,-0.6295,-2,33,0.18,0.2,-46
"55","404S17664","404S17664_2009-05-20 00:00:00_1",2009-05-20,0.781748354305853,0.616939523616443,-74,0,0.1383,-64,NA,NA,NA,3.3964,-74,0.5821,-0.5675,-2,1,0.18,-0.6851,-13
"56","404S22464","404S22464_2009-05-19 00:00:00_1",2009-05-19,0.556132046444283,0.517706873299916,-13,0,0.2212,-71,NA,NA,NA,10.2463,-9,0.5144,-0.4502,-1,31,-0.1544,-0.6812,-54
"57","404S25668","404S25668_2010-06-23 00:00:00_2",2010-06-23,0.606078689478817,0.515176531485151,-92,0,0.2538,-71,NA,NA,NA,10.1587,-18,0.6388,-0.4588,-1,33,-0.1931,-0.6884,-10
"58","404S26868","404S26868_2012-06-26 00:00:00_1",2012-06-26,0.554960244866959,0.551683212491735,-11,0,0.3137,-67,NA,NA,NA,9.68,-76,1.4685,-0.59155,0,26,0.09,-0.6455,-15
"59","404S28068","404S28068_2012-06-20 00:00:00_1",2012-06-20,0.479034696081759,0.451865889351208,-9,0,0.2218,-61,NA,NA,NA,4.1204,-19,0.2699,-0.3978,-8,2,0.18,-0.6814,-13
"60","404S28270","404S28270_2012-06-18 00:00:00_1",2012-06-18,0.591803551566634,0.591613190991571,-27,0.0163,0.1186,-4,7,14.05265,-19,27.6262,-34.5,2.9561,0,35.5,71.5,0,0.23095,-17
"61","404S32468","404S32468_2012-06-26 00:00:00_1",2012-06-26,0.982265988871512,0.855884291944033,-99,0,0.0866,-72,NA,NA,NA,64.7612,-22,36.2637,-0.4204,21,46,-0.2243,-0.6578,-29
"62","404S34120","404S34120_2012-06-21 00:00:00_1",2012-06-21,0.804639577621191,0.790823080351404,5,0.003,0.0146,-7.5,NA,NA,NA,5.1779,-56,2.29055,0,39.5,61.5,0,0.28485,-13
"63","404S35270","404S35270_2012-06-20 00:00:00_1",2012-06-20,0.649347637872089,0.538811532583473,-12,0,0.2076,0,NA,NA,NA,8.4188,-77,0.5187,-0.3368,-1,31,-0.1538,-0.695,-15
"64","404S45622","404S45622_2013-06-03 00:00:00_2",2013-06-03,0.822561031776008,0.753119481997775,-20,0,0.1328,-53,NA,NA,NA,1.5595,-56,0.3639,-0.3426,-1,32,0.0899,0.02,-33
"65","405CE0280","405CE0280_07/06/15_1",2015-07-06,1.239308536,1.215676055,0,-0.00085,-9e-04,0,NA,NA,NA,0,0,0,0,0,0,0,2e-04,0
"66","405PS0030","405PS0030_07/08/15_1",2015-07-08,0.83116607,0.764194253,0,-0.02265,-0.0299,0,NA,NA,NA,0.2174,0,-0.2356,0,0,0,0.00415,-0.0973,0
"67","408BA0660","408BA0660_06/04/14_1",2014-06-04,0.882408095,NA,198,-0.2993,-0.42745,-159,NA,NA,NA,207.8451,-79.5,139.8043,-1e-04,102,-40,1.06995,7.1813,20
"68","408BA0836","408BA0836_2014-06-04 00:00:00_1",2014-06-04,0.756841463090244,0.668732307483513,166.5,-0.2999,-0.2172,-117,NA,NA,NA,239.198,-52.5,106.3469,0,152,-55.5,-0.32555,1.17125,25
"69","408BA0916","408BA0916_2008-05-08 00:00:00_1",2008-05-08,0.629078095619434,0.657796787923134,162,-0.28105,-0.23045,-129,NA,NA,NA,155.4699,-57.5,170.49265,0,152,-52.5,-0.3381,1.9186,-21
"70","408PS0032","408PS0032_2008-05-21 00:00:00_1",2008-05-21,0.60627759086552,0.455653387608114,192.5,-0.66795,-0.4006,-142.5,NA,NA,NA,403.57615,-80,312.4384,-1e-04,143,-42.5,9.48845,13.96045,24.5
"71","412WE0552","412WE0552_08/26/15_1",2015-08-26,0.767868747,0.76655292,-9,0,0.01,-2,-6,0.331,0,0.0642,-43,0.6667,0.0097,0,-9,0,0.2,-4
"72","481S05856","481S05856_2013-06-13 00:00:00_1",2013-06-13,1.01303375207327,0.913707247059687,NA,NA,NA,0,NA,NA,NA,0.3413,0,-0.0853,0,0,1,0.7644,-0.0611,-1
"73","722PS0535","722PS0535_05/26/09_1",2009-05-26,0.824247119,0.698817116,0,0,0,0,NA,NA,NA,0,NA,0,NA,0,NA,NA,NA,0
"74","722PS0611","722PS0611_2010-06-08 00:00:00_1",2010-06-08,0.887535671750208,0.571264442189919,NA,NA,NA,0,NA,NA,NA,1.3953,0,-0.0141,0,0,0,0.1656,-0.76385,0
"75","801LYC271","801LYC271_2014-06-10 00:00:00_1",2014-06-10,1.16473753256066,1.20605460859972,0,-0.00495,-0.0209,0,NA,NA,NA,1.0455,0,-0.1246,-2e-04,0,-4,2e-04,0.0037,-18
"76","801MIC042","801MIC042_2014-06-09 00:00:00_1",2014-06-09,0.885091372183764,0.88992346222091,175,-0.7528,-0.63245,-95.5,NA,NA,NA,175.2174,-99.5,85.237,-1e-04,116,-15,-1.1986,-1.2777,-118
"77","801RB8361","801RB8361_2014-06-12 00:00:00_1",2014-06-12,0.428858725258118,0.375837288854003,NA,NA,NA,88,NA,NA,NA,-238.4059,NA,NA,NA,NA,NA,NA,NA,-16
"78","801S08727","801S08727_2013-06-05 00:00:00_2",2013-06-05,1.0720096934784,1.12699394579,2,0.1,0.1,12,NA,NA,NA,0,12,0,-0.02,0,-2,0,0,2
"79","801SJR159","801SJR159_06/03/14_1",2014-06-03,0.679182143,0.664625883,-31,0.0025,0,-4,NA,NA,NA,1.2602,-7,2.4766,0,0,-24,0.3938,-0.0495,-10
"80","801WE0674","801WE0674_2013-05-14 00:00:00_1",2013-05-14,0.846402500973074,0.93193852426007,-1,0,0,-7,NA,NA,NA,0,-4,0,0,0,0,0,0,0
"81","801WE1008","801WE1008_05/14/13_1",2013-05-14,1.054818609,1.031477403,2,0.1,0.1,12,NA,NA,NA,0,12,0,-0.02,0,-2,0,0,2
"82","801WE1132","801WE1132_2009-08-19 00:00:00_1",2009-08-19,0.951896372851606,0.961148737591297,5,0,0,-47,NA,NA,NA,0.0011,-47,0.0016,-2e-04,0,0,0,0,0
"83","802SJR116","802SJR116_2014-06-12 00:00:00_1",2014-06-12,0.469038762120009,0.387312712496609,158,1.7372,4.0951,-38,NA,NA,NA,720.7063,-38,450.2389,0,92,5,-0.2299,-5.445,-5
"84","802WE0658","802WE0658_2015-04-21 00:00:00_1",2015-04-21,1.02548124476275,0.991958640671447,-2,-0.0016,-0.0034,0,2,0.5033,0,0.01345,-1,-0.0031,0,0,-1,-0.00525,-0.01605,-2
"85","901DCCSMC","901DCCSMC_2011-05-16 00:00:00_1",2011-05-16,1.15635130649607,1.18418448040143,0,-0.0066,0.0157,0,NA,NA,NA,-0.6394,0,0.313,0,-1,-1,0.1252,-0.0424,0
"86","901S00313","901S00313_2009-04-30 00:00:00_1",2009-04-30,1.24237741057782,1.12125957207288,-7,0.01,0.01,-2,0,0.2256,0,0,26,0,-0.0298,-29,-29,-1.09,-1.3,-8
"87","901S00997","901S00997_2009-05-14 00:00:00_1",2009-05-14,0.884850933681357,0.942419042366083,-47,0.003,0.0982,-34,NA,NA,NA,18.8374,-61,2.7847,0,73,105,0,-0.0181,-35
"88","901S01705","901S01705_2009-05-14 00:00:00_1",2009-05-14,1.16250026150354,1.14511763302888,0,-1e-04,-2e-04,0,NA,NA,NA,-2e-04,0,-0.0014,0,0,0,0,-0.0012,0
"89","901S01811","901S01811_2009-05-07 00:00:00_1",2009-05-07,0.637930572377092,0.600785073997136,-28,0.0132,0.2217,-38,2,9.9151,-47,113.0292,-32,31.5052,0,34,63,0,0.5161,-20
"90","901S01849","901S01849_06/01/10_1",2010-06-01,1.174047017,1.154585386,-6,0.01,0.01,-2,NA,NA,NA,0,27,0,-0.0298,-29,-29,-1.09,1.5,0
"91","901S04409","901S04409_2011-05-19 00:00:00_1",2011-05-19,1.10952878236175,0.877203438033529,-15,0.01,0.0201,-2,0,0.20175,-0.5,0,27,0,-0.0298,-29,-28,-1.09,-1.3,-8
"92","901S06851","901S06851_2011-05-19 00:00:00_1",2011-05-19,0.725500366071003,0.886353479465491,-69,0.0121,-0.0612,11.5,NA,NA,NA,78.5726,-33,16.0675,0,39.5,98.5,0,-0.7407,-25.5
"93","901S06969","901S06969_2012-05-31 00:00:00_1",2012-05-31,0.732357282689964,0.813013986116424,-6,0.01,0.01,-2,NA,NA,NA,0,27,0,-0.0298,-29,-29,-1.09,1.5,-1
"94","902S01097","902S01097_2009-05-11 00:00:00_1",2009-05-11,0.859185451271538,0.863806854072108,-3,0.0042,-0.00175,-0.5,NA,NA,NA,3.5022,-21,3.9302,0,0,-2,-0.0099,-0.0106,-15
"95","903M20213","903M20213_2017-06-12 00:00:00_1",2017-06-12,0.507153906019381,0.529086850038999,NA,NA,NA,-106.5,NA,NA,NA,NA,NA,8.6865,NA,152,NA,NA,NA,NA
"96","903M20235","903M20235_2018-06-12 00:00:00_1",2018-06-12,0.500123860493509,0.519050237696287,0,0.0031,0.42535,0,NA,NA,NA,-0.1056,-1,0.883,0,0,0.5,-0.10355,-0.0203,-0.5
"97","903WE0798","903WE0798_04/08/15_1",2015-04-08,0.932285035,0.990648495,0,-0.0012,-0.0014,0,NA,NA,NA,-0.0365,0,-0.0013,0,0,0,0.0043,-0.00165,0
"98","903WE0900","903WE0900_04/08/15_1",2015-04-08,1.084100205,1.057700655,0,-0.0015,-0.00165,0,0,-0.1055,0,0.0283,0,0.04175,0,0,0,0.0054,0.0024,0
"99","905S02561","905S02561_2011-05-25 00:00:00_1",2011-05-25,1.04620402417306,0.879956974090918,-29,0.01,0.01,-2,0,0.2199,0,0,-2,0,-0.0298,0,0,0.01,1.5,-8
"100","905WE0679","905WE0679_03/27/15_1",2015-03-27,0.784626423,0.672447742,-22,0.01,0.0201,-2,-1,0.2226,-3,0,-2,0,-0.0298,0,0,-1.09,1.5,-8
"101","905WE1018","905WE1018_06/09/15_1",2015-06-09,0.840774398,0.781527775,-13,0.01,0.01,-2,0,0.1974,-0.5,0,-2,0,-0.0298,0,0,-1.09,1.5,-8
"102","907M23331","907M23331_2016-06-08 00:00:00_1",2016-06-08,0.533819828577353,0.525828128446821,NA,NA,NA,-23,NA,NA,NA,30.967,-23,9.7165,0.0011,212,46,-0.2552,-0.2365,-46
"103","907M23342","907M23342_2017-06-13 00:00:00_1",2017-06-13,0.703014782055151,0.689875486157672,NA,NA,NA,0,NA,NA,NA,1.4826,0,1.1293,0,0,-2,0,0,2
"104","907M23346","907M23346_2017-06-15 00:00:00_1",2017-06-15,0.944054305048812,0.914666736189178,78,0.22515,0.00765,-78,NA,NA,NA,-0.0036,0,-0.0084,0,0,0,-0.00325,-0.00225,0
"105","907M23367","907M23367_2018-05-29 00:00:00_1",2018-05-29,1.15131788618822,1.06903704279372,38,0.396,0.1554,-79,NA,NA,NA,-0.0313,-24.5,-0.17855,0,0,0,-0.8793,-2.3668,0
"106","907S00577","907S00577_2009-05-12 00:00:00_1",2009-05-12,0.934793181630707,0.846807968427973,-49,0,-0.34,-1,NA,NA,NA,0,-1,0,-6e-04,-1,0,-0.57,-3.3,-42
"107","907S01418","907S01418_2009-05-12 00:00:00_1",2009-05-12,1.1713197913389,0.999981933409166,0,-0.0022,-0.0024,0,NA,NA,NA,-0.00255,0,0.0095,-5e-05,0,-48,-0.00205,-0.0016,0
"108","907S01434","907S01434_2009-05-13 00:00:00_1",2009-05-13,1.21760631964314,1.19063382172746,-4,0.01,0.01,-2,0,0.2238,0,0,-2,0,-0.0298,0,0,0.01,1.5,0
"109","907S01610","907S01610_05/31/10_1",2010-05-31,0.974313817,0.86440533,0,-0.0111,-0.0135,0,NA,NA,NA,0.736,0,-0.011,0,0,0,-0.0071,-0.0057,0
"110","907S03210","907S03210_2011-05-18 00:00:00_2",2011-05-18,1.02402843525602,0.852172037999877,NA,NA,NA,NA,NA,NA,NA,NA,NA,1.5323,NA,174,NA,NA,NA,NA
"111","907S03786","907S03786_2012-05-30 00:00:00_1",2012-05-30,0.435458621798412,0.485453385184559,-7,0.01,0.01,-2,-1,0.2086,0,0,-2,0,-0.0298,0,0,0.01,1.5,-8
"112","909M24925","909M24925_2016-05-10 00:00:00_1",2016-05-10,0.899620945156761,0.916345893842013,1,0.0072,0.1581,-1,NA,NA,NA,-0.505,-1,-0.2144,-5e-05,0,-0.5,0,10.6583,0.5
"113","909M24937","909M24937_2016-06-22 00:00:00_1",2016-06-22,1.15058037159369,1.13463306818176,NA,NA,NA,0,NA,NA,NA,-0.30655,-18,0.458,0,-0.5,14,0,0.3384,-14.5
"114","909WE0662","909WE0662_06/22/15_1",2015-06-22,1.166737869,1.052514131,-11.5,-0.0059,-0.0209,0,NA,NA,NA,-0.01305,0,-0.0289,0,0,1.5,0.00265,0.0139,-1.5
"115","911S00538","911S00538_2009-05-05 00:00:00_1",2009-05-05,1.08099077705033,1.02550091898075,0,-0.0754,-0.0077,-2,0,10.61345,-2,0.36445,-0.5,0.4878,0,-0.5,-0.5,-0.08725,0.15075,-1
"116","911S00858","911S00858_05/31/10_1",2010-05-31,1.130112118,1.11579756,7,0,0,0,NA,NA,NA,0.0124,0,0.162,0,85,-7,0,0,7
"117","911S01142","911S01142_05/24/11_1",2011-05-24,1.010719274,0.858041883,0,-0.0431,-0.01435,-0.5,NA,NA,NA,0.2563,-2,0.47435,0,-0.5,-0.5,-0.05015,-0.33395,-12
"118","911S01818","911S01818_2009-05-06 00:00:00_2",2009-05-06,0.786990428172658,0.823934515570658,-23,-0.02,0,-15,NA,NA,NA,0,-24,0,-0.0357,0,0,-0.62,0,-25
"119","911S02058","911S02058_2009-05-05 00:00:00_1",2009-05-05,1.09479199304982,1.07689663735056,1.5,-0.0542,-0.0259,-2,NA,NA,NA,0.9427,-2,0.1123,0,-1,-3,-0.0456,0.0229,-0.5
"120","911S03354","911S03354_2009-05-05 00:00:00_1",2009-05-05,0.949411778668287,0.840811313376018,NA,NA,NA,0,NA,NA,NA,4.1142,0,5.3186,-2e-04,153,6,0,0.4355,-6
"121","911S04086","911S04086_2009-05-06 00:00:00_2",2009-05-06,0.91408135892306,0.841409433552502,-0.5,-0.05565,-0.0595,-8,NA,NA,NA,-0.00765,-61,-0.0042,0,-1,0.5,-0.04505,-0.12555,-4
"122","SGLT506","SGLT506_07/06/12_1",2012-07-06,0.799483384,0.716656664,-132,-3.4524,-4.0487,-143,0,-34.6747,-27,421.43795,-2,276.4683,-0.02445,18,18,-2.5032,-7.3075,-8.5
"123","SGUR103","SGUR103_2010-07-22 00:00:00_1",2010-07-22,1.06029965035202,1.07649503977405,-9,0.0022,-7e-04,0,1,-0.1323,0,-0.0149,0,-0.0294,0,0,-1,0,-0.0299,-2
"124","SGUT503","SGUT503_05/27/10_1",2010-05-27,0.834157137,0.864746237,-0.5,-0.00275,-0.004,0,NA,NA,NA,0.3052,0,-0.0251,0,0,0,-0.0059,0.1596,-1
"125","SMC00105","SMC00105_05/22/14_1",2014-05-22,0.808775915,0.822705081,0,-1e-04,-9e-04,-1,NA,NA,NA,0.1172,-1,0.0369,0,0,-11,0,0.0316,0
"126","SMC00135","SMC00135_2010-06-07 00:00:00_1",2010-06-07,1.11728523544867,1.22979620854177,3,0,0,-14,NA,NA,NA,0,-3,0,0,0,0,0,0,0
"127","SMC00198","SMC00198_2014-07-09 00:00:00_2",2014-07-09,0.681437871488476,0.721883004340392,-10,-0.863,-1.2666,-15,1,21.7957,-9,35.0796,0.5,77.2694,-2e-04,47,48.5,-0.48885,-0.7612,-27
"128","SMC00271","SMC00271_08/13/15_1",2015-08-13,1.326169906,1.196220752,0,-3e-04,-4e-04,0,1,-0.0016,0,3e-04,0,0.00795,0,0,0,5e-05,-0.0016,0
"129","SMC00282","SMC00282_2009-06-09 00:00:00_1",2009-06-09,0.869340002514058,0.819773371768992,0,-0.0039,-0.00675,0.5,NA,NA,NA,0.1768,0.5,-0.0743,-1e-04,0,1,4e-04,-0.3456,-1
"130","SMC00288","SMC00288_2014-06-04 00:00:00_1",2014-06-04,0.691288182390214,0.735304952255659,-29,0.002,-0.0215,1.5,NA,NA,NA,1.7457,-37,0.13775,0,38,47.5,0,0.0282,-4.5
"131","SMC00318","SMC00318_06/15/10_1",2010-06-15,0.62059491,0.552897319,-16.5,-13.0032,-19.26025,-247,NA,NA,NA,2112.0054,-12,2119.5506,-0.0287,33,41,-8.2832,-11.4458,-16
"132","SMC00382","SMC00382_06/23/09_1",2009-06-23,0.835857175,0.842100102,8,0,0.0041,-33,NA,NA,NA,4.7299,-60,2.9097,0,36,52,0,0.0301,-7
"133","SMC00428","SMC00428_07/22/10_1",2010-07-22,1.081573827,1.075542352,-7,0,0.01,1,-4,-0.9665,-44,0.1973,-4,0.5458,-0.3849,-13,-14,0,0.2,-4
"134","SMC00436","SMC00436_2009-05-26 00:00:00_1",2009-05-26,0.712991327678804,0.627521569855265,-19.5,-6.67885,-3.94765,-251,0,-13.5149,-26,1232.1616,15,1074.5267,-0.0362,11,18,-4.7722,-15.9692,-9
"135","SMC00464","SMC00464_06/04/14_1",2014-06-04,0.570117137,0.604398523,-1,0,0,-2,NA,NA,NA,-5e-05,-22,-1.1,0,0,0,0,0,0
"136","SMC00476","SMC00476_2009-06-08 00:00:00_1",2009-06-08,1.13514144363143,1.05510381315654,-1,-2e-04,0.8743,0,NA,NA,NA,0,-11,0,0,0,-27,0.8765,0.001,0
"137","SMC00479","SMC00479_2011-07-13 00:00:00_2",2011-07-13,0.472040438703314,0.578531431432761,29,0.0022,0.0349,-32.5,-4,14.2539,-6,5.60745,-34.5,9.13345,0,-10,15,0,-0.08095,-6.5
"138","SMC00480","SMC00480_2009-05-13 00:00:00_2",2009-05-13,1.26574033273211,1.22462040109239,0,-0.001,-5e-04,0,NA,NA,NA,-5e-05,0,0,0,0,0,0,0.0206,0
"139","SMC00520","SMC00520_2014-06-25 00:00:00_1",2014-06-25,0.751789170182486,0.829327756810515,-5,-0.0301,-0.00145,-1,0,4.9767,-1,0.0059,-1,-0.17985,0,0,0,-0.0054,-0.1385,-1
"140","SMC00544","SMC00544_06/22/11_1",2011-06-22,0.656026959,0.592690765,-3,7e-04,-1.476,0,-9,-0.0676,0,-0.0013,0,0.0017,0,0,-1,0,0,-2
"141","SMC00608","SMC00608_06/27/11_1",2011-06-27,0.633576939,0.614101335,5,0.10235,0.6031,-52,0,74.4403,-1,50.19665,-20,20.8253,0,0,10.5,0.0135,-0.63955,-2.5
"142","SMC00632","SMC00632_2011-06-13 00:00:00_2",2011-06-13,0.323974082273302,0.449313510542197,-33,-0.001,0.0248,-9.5,7.5,0.13555,-20.5,2.8586,-28,1.6927,0,14.5,20.5,0,-0.0106,-17
"143","SMC00684","SMC00684_2011-06-27 00:00:00_1",2011-06-27,0.699708915914531,0.598013791116363,-20,-0.00045,-0.06845,-18.5,-5,35.622,-29,55.30645,-63,10.75105,0,43,63.5,-0.04405,-0.83675,-13.5
"144","SMC00710","SMC00710_2009-05-20 00:00:00_1",2009-05-20,0.888675040243483,0.835570244410037,-41,0,-0.0094,9.5,1,104.6886,-7,110.8054,-38.5,139.70545,1e-04,69.5,114,0,-0.0335,-33
"145","SMC00748","SMC00748_2011-06-21 00:00:00_1",2011-06-21,0.687863454184776,0.578868356901102,-60,0.0542,-0.583,-15.5,-8,81.2225,-26,118.7671,-39.5,22.24565,0,29,-5,-0.0023,0.4474,-11
"146","SMC00827","SMC00827_2009-06-15 00:00:00_1",2009-06-15,0.885867664007721,0.809167351503869,0,-0.0122,-0.0594,0,0,4.9234,0,0.9964,0,0.9256,0,0,0,-0.0048,-0.0101,0
"147","SMC00873","SMC00873_2014-06-10 00:00:00_1",2014-06-10,0.812759031029916,0.919581759686489,-16,-0.003,0.0859,-6,2,8.2445,-47,24.8173,-37,11.6772,0,35,70,0,-0.9326,-92
"148","SMC00899","SMC00899_2011-07-12 00:00:00_1",2011-07-12,0.690374460866804,0.656430581278889,120.5,-0.22805,-0.21285,-96,NA,NA,NA,50.2443,-75,21.36375,2e-04,103,92,-0.1981,-0.2637,15
"149","SMC00911","SMC00911_2009-06-04 00:00:00_1",2009-06-04,1.13985853194498,1.21157227341611,0,-0.002,-0.00445,0,0,0.5081,0,0.0474,0,-0.0025,0,0,0,0.0032,-0.0073,0
"150","SMC00924","SMC00924_2014-06-25 00:00:00_1",2014-06-25,0.728025522509652,0.744874162082308,-8,0,0.01,-2,-3.5,0.30165,0,0,-17,0.3583,-0.0433,17,17,0.115,0.2,-4
"151","SMC00957","SMC00957_07/02/10_1",2010-07-02,1.001702902,NA,54.5,-0.0679,-0.0085,27,-5,317.694,0,42.0008,0,68.8872,-0.0676,0,11,-0.0957,-0.1123,-11
"152","SMC00958","SMC00958_2011-07-19 00:00:00_1",2011-07-19,0.67285667446953,0.682044008819022,-31,0,0.0663,-24,NA,NA,NA,41.0196,-51.5,29.3392,0,38,60,0,-0.98655,-31.5
"153","SMC01040","SMC01040_2009-06-09 00:00:00_1",2009-06-09,1.09489358541071,1.12872804271308,-1,-0.01195,-0.02505,0,-0.5,-0.21125,-1,-0.00745,-1,-0.1781,0,0,0,-0.0196,-0.0418,0
"154","SMC01046","SMC01046_2009-05-21 00:00:00_1",2009-05-21,0.820348276852428,0.719370516401751,-33,-0.0621,0.4176,-5,-1,0.5915,-34,31.3286,-8.5,14.0147,0,8.5,18.5,2.3246,0.7845,-20
"155","SMC01096","SMC01096_2010-06-07 00:00:00_2",2010-06-07,0.871482560963012,0.861714728269429,0,-0.0196,-0.01565,-1,0,5.7549,-1,0.0089,-1,-0.1818,0,0,0,-0.041,-0.0511,-1
"156","SMC01155","SMC01155_2009-05-12 00:00:00_1",2009-05-12,0.634009929943843,0.706193580170445,-1,0.023,0.02245,-1,0,0.0094,-1,-0.09,-1,-0.07325,0,0,0,5e-05,-0.10295,-1
"157","SMC01161","SMC01161_2010-05-27 00:00:00_1",2010-05-27,0.84414818671653,0.798961087633416,-1,-0.00445,-0.00585,-22,NA,NA,NA,5.4893,-13,4.7265,0,0,-1,-0.0048,-0.0076,-15
"158","SMC01196","SMC01196_2010-07-14 00:00:00_1",2010-07-14,0.891314772702504,0.956257582143559,-1,0,-0.053,0,NA,NA,NA,0.1952,0,-0.00895,0,0,-3,0,0.04775,3
"159","SMC01208","SMC01208_2010-06-08 00:00:00_1",2010-06-08,0.691555439943708,0.592665704330059,-4.5,0.19425,2.00485,-18.5,4,78.39895,-37.5,471.2433,-109,133.47795,0,42,65,-1.1754,0.0189,-18
"160","SMC01215","SMC01215_2011-07-13 00:00:00_1",2011-07-13,0.577837112178969,0.587835385948292,-89,4.7486,7.7739,-4,1,622.1553,0,242.183,-4,252.8175,-0.0539,0,0,0.1774,-9.905,-1
"161","SMC01248","SMC01248_07/26/11_1",2011-07-26,1.024848902,0.968951169,0,-1e-04,-1e-04,0,NA,NA,NA,-0.00045,0,-9e-04,1e-04,0,0,-4e-04,0.2392,0
"162","SMC01257","SMC01257_2011-06-16 00:00:00_1",2011-06-16,0.579807648784147,0.736422328796302,2,0.01075,0.09565,-19,-5,8.3976,-47,24.5935,-67,17.4484,0,41,59,0,-3.0157,-91
"163","SMC01260","SMC01260_07/16/12_1",2012-07-16,0.774528512,0.808509937,0,-3.4252,-4.4144,-114,0,-96.7421,-27,406.8871,-1.5,300.8328,-0.0123,5.5,16.5,-2.3415,-6.2696,-5
"164","SMC01320","SMC01320_2010-06-07 00:00:00_1",2010-06-07,0.729846444460838,0.686996735616109,-2,-0.0193,-0.0272,-1,1,2.72,0,-0.017,-1,-0.06655,0,0,0,-0.0237,-0.0647,0
"165","SMC01358","SMC01358_2011-06-21 00:00:00_1",2011-06-21,0.523388696278256,0.511932877063927,-52,0,-0.0147,-27,NA,NA,NA,8.66975,-94,3.0818,0,44.5,82.5,0,0.01815,-37
"166","SMC01413","SMC01413_2012-07-09 00:00:00_1",2012-07-09,1.13251428899756,1.11389227303531,0,0,0,0,NA,NA,NA,-5e-04,0,-0.00015,0,0,0,0,0,0
"167","SMC01424","SMC01424_2009-07-01 00:00:00_1",2009-07-01,1.26103660947539,1.23665254413045,0,-0.0165,-0.0166,0,NA,NA,NA,-0.0101,0,-0.0163,0,0,0,-0.0128,-0.0132,0
"168","SMC01452","SMC01452_2010-07-15 00:00:00_1",2010-07-15,0.442732699760299,0.547430753375252,NA,NA,NA,-35.5,NA,NA,NA,7.664,-62,1.31105,0,37.5,41,-0.0755,-0.1755,-10
"169","SMC01454","SMC01454_2012-07-16 00:00:00_1",2012-07-16,0.415110114510821,0.691731783679965,-7.5,0.00785,-0.0355,-9.5,-9,9.4957,-28,20.9189,-56.5,9.3179,0,41,52.5,0,-0.0816,-10.5
"170","SMC01504","SMC01504_2011-06-28 00:00:00_1",2011-06-28,NA,1.14182362542038,0,0,0,0,NA,NA,NA,0,0,0,0,0,0,0,0,0
"171","SMC01544","SMC01544_07/14/10_1",2010-07-14,0.733245197,0.676265579,-2,-0.0113,-0.02795,-1,1,2.7485,0,-0.0174,-1,-0.0675,0,0,0,-0.0555,-0.0926,-1
"172","SMC01567","SMC01567_2010-06-09 00:00:00_1",2010-06-09,1.14327096237473,1.11396146560193,0,-6e-04,-0.0031,0,NA,NA,NA,-0.0077,0,-0.0087,0,0,0,0.0051,-3e-04,0
"173","SMC01606","SMC01606_2009-05-26 00:00:00_1",2009-05-26,0.620034871527592,0.685700145990326,163.5,-0.0312,0.1185,-181,1,50.5076,-8,66.6044,-8.5,35.715,-0.00125,106,77.5,-0.98065,-0.6498,-27
"174","SMC01640","SMC01640_06/30/15_1",2015-06-30,0.809769782,0.690243767,NA,NA,NA,NA,NA,NA,NA,NA,NA,18.3589,NA,149,NA,NA,NA,NA
"175","SMC01656","SMC01656_2012-06-06 00:00:00_1",2012-06-06,0.654613768157792,0.646940237995215,3.5,0.00685,0.07735,-20,-3.5,0.77545,-33,7.56645,-90,3.15865,0,-4,12,0,0.1253,-8.5
"176","SMC01662","SMC01662_2012-07-09 00:00:00_1",2012-07-09,0.552816109078343,0.740776749464003,-33.5,0.0087,-0.02275,-29,-19,5.0829,-30,58.31025,-74.5,33.87425,0,35.5,59,0,-1.8511,-90
"177","SMC01692","SMC01692_2011-06-20 00:00:00_1",2011-06-20,0.633201847338608,0.490310138045722,NA,NA,NA,0,NA,NA,NA,2.1799,0,1.67475,0,0,4,0,0,-4
"178","SMC01694","SMC01694_2010-06-28 00:00:00_1",2010-06-28,0.631581786914691,0.830660974986343,-19,0,-0.32,-66,NA,NA,NA,10.2336,-12,1.3856,0.0112,-3,20,0.18,-0.7,-44
"179","SMC01726","SMC01726_06/30/10_1",2010-06-30,0.939237898,0.986732644,-94,-1.4294,-2.3303,7.5,NA,NA,NA,284.4105,-0.5,278.841,-0.02765,19,28,-1.0943,-2.1862,-12
"180","SMC01748","SMC01748_06/03/09_1",2009-06-03,0.711498098,0.564445971,2,0.334,3.1986,-7.5,-1.5,80.2094,-38,116.253,-34.5,111.2897,0,19.5,34,0.02985,28.03775,-13
"181","SMC01772","SMC01772_2012-07-11 00:00:00_1",2012-07-11,0.583309468359229,0.683576816969188,13,0.001,0.0044,-13,1,1.7096,-13,3.3737,-52,0.7262,0,34,42,0,0.1051,-52
"182","SMC01808","SMC01808_06/13/11_1",2011-06-13,0.887283479,0.88175899,0,0,0,0,NA,NA,NA,0,-1,0,0,0,0,0,0.00485,0
"183","SMC01860","SMC01860_2009-05-28 00:00:00_1",2009-05-28,0.708097698774807,0.634056916643332,155.5,-0.1709,-0.1634,-144,NA,NA,NA,168.88135,-51.5,243.7549,0,142,-54,-0.35285,1.64615,20
"184","SMC01912","SMC01912_2012-07-12 00:00:00_1",2012-07-12,0.692781350921906,0.696674044674899,62,0,0.0073,-39,NA,NA,NA,3.8634,-91,-0.1192,-2e-04,53,43,0,-0.0719,15
"185","SMC01934","SMC01934_2012-06-15 00:00:00_1",2012-06-15,0.600872129968482,0.685331318100065,-13,1.3173,23.4349,-12,NA,NA,NA,137.2995,-50,-95.2535,0,43,81,20.7867,54.4585,-3
"186","SMC01960","SMC01960_06/23/10_1",2010-06-23,0.589957346,0.560144189,-86,0.0808,0.6388,-26,NA,NA,NA,45.9586,-44,15.265,0,30,-2,0,-2.7181,-19
"187","SMC01987","SMC01987_2012-06-15 00:00:00_1",2012-06-15,0.514220839643251,0.785031609561746,-61.5,0.0045,-0.27325,15,1,2.4147,-28,65.7188,-13,8.989,0,35,115,0,0.1242,-41
"188","SMC01990","SMC01990_2014-07-08 00:00:00_1",2014-07-08,0.659924236003033,0.651847213487364,73,-1.47785,-0.7068,18.5,0,25.3468,-8,46.7764,-5.5,36.03455,-0.0037,46,75,-0.3129,-0.3945,-28
"189","SMC02028","SMC02028_2012-07-12 00:00:00_1",2012-07-12,0.34773255326792,0.358173393439078,-26,0.226,0.58855,-8,0,-0.538,-59,37.31185,-12.5,30.5507,0,14,26,-1.8504,-0.403,-22
"190","SMC02075","SMC02075_2012-07-17 00:00:00_1",2012-07-17,0.8336756118464,0.999390684881407,0,-0.0021,-0.003,0,NA,NA,NA,-0.0228,0,-0.0424,0,0,0,0.004,-0.00305,0
"191","SMC02088","SMC02088_06/14/11_1",2011-06-14,0.816082358,0.761473478,10,0.0267,0.1996,-44,1,9.3945,3,0.5702,-12,4.7083,-0.0492,-15,-51,0,0.2,-3
"192","SMC02092","SMC02092_06/14/11_1",2011-06-14,0.751231509,0.684919703,0,0,0,0,NA,NA,NA,1.4871,0,0.9965,0,0,0,0,0,-1
"193","SMC02139","SMC02139_2012-07-17 00:00:00_1",2012-07-17,1.09079649812355,1.18199038320799,0,-9e-04,-0.0013,0,NA,NA,NA,-0.012,0,-0.01795,0,0,0,0.00205,8e-04,0
"194","SMC02206","SMC02206_2011-07-19 00:00:00_1",2011-07-19,0.806456749914809,0.849710408752138,-20.5,0.0015,-0.06995,-9,-9,16.5902,-28,19.13635,-35.5,10.2717,0,34.5,52,-0.0215,-0.9965,-18.5
"195","SMC02228","SMC02228_2009-06-23 00:00:00_1",2009-06-23,0.464839630917287,0.44246799595323,-8,-8.8015,-15.8327,30.5,0,-2294.0366,-9,1371.7177,-4,1039.9178,-0.0271,-1,-25,-7.836,-27.1606,-6
"196","SMC02270","SMC02270_2010-06-30 00:00:00_1",2010-06-30,0.697881185666768,0.810442584332266,-5.5,0,0.0034,-16.5,NA,NA,NA,1.07175,-53.5,0.363,0.00025,40.5,31.5,0.01305,0.06645,15
"197","SMC02302","SMC02302_2013-07-15 00:00:00_1",2013-07-15,0.714033609066627,0.864519616601478,-7,0.00325,0.50245,15,NA,NA,NA,61.8867,-43,62.6623,0,43,64,0,-0.6756,-60
"198","SMC02436","SMC02436_2009-05-28 00:00:00_1",2009-05-28,0.686930175317786,0.602824034817076,194,-0.4578,-0.6757,-159,NA,NA,NA,273.6488,-85,164.5588,0,102,-42,5.9073,4.1647,16
"199","SMC02536","SMC02536_2011-06-29 00:00:00_1",2011-06-29,0.852415455130948,0.784005884666998,-95,0,0.0951,-12,NA,NA,NA,6.5546,-65,2.0565,-0.0125,-1,-11,0.2,-0.7,-43
"200","SMC02568","SMC02568_06/12/12_1",2012-06-12,0.737462473,0.625777873,-8,0.01,0,-2,NA,NA,NA,0,-0.5,0,-0.0298,0,0,0.01,1.4993,-8
"201","SMC02591","SMC02591_2011-07-21 00:00:00_1",2011-07-21,0.951151290427743,0.881834281369719,0,-0.0107,-2e-04,0,NA,NA,NA,-0.0032,0,-0.0081,0,0,0,0,-1e-04,0
"202","SMC02622","SMC02622_2010-06-15 00:00:00_1",2010-06-15,0.702214543109716,0.65406188275129,-69,-7.2229,-12.273,26,NA,NA,NA,1595.2409,8.5,969.7011,-0.02915,19,55,-3.6612,-4.4846,-76
"203","SMC02712","SMC02712_2012-06-07 00:00:00_1",2012-06-07,0.710822841164497,0.803573559895204,-1,0,0,-1,NA,NA,NA,0,-46,0,0,0,0,0,0,0
"204","SMC02884","SMC02884_06/23/10_1",2010-06-23,0.353261143,0.513603985,155.5,-0.1728,-0.1661,-144,NA,NA,NA,178.6943,-51.5,250.5294,0,142,-54.5,-0.36385,1.94935,20
"205","SMC02902","SMC02902_2011-08-02 00:00:00_1",2011-08-02,0.548856564549985,0.57137057581148,157,0.16805,0.6155,-46.5,1,21.3541,-9,10.3656,-0.5,49.6245,-0.00265,90.5,12.5,-0.21145,-0.2927,-13
"206","SMC02972","SMC02972_2012-07-18 00:00:00_1",2012-07-18,1.13355088777664,0.938901618364849,-7,0,0.01,2,NA,NA,NA,0,0,0,0.0047,0,-1,0,0,-4
"207","SMC02984","SMC02984_2010-06-23 00:00:00_1",2010-06-23,0.642925772575215,0.588939785754196,-15,0,-0.34,-69,NA,NA,NA,57.5673,-81,19.6616,-0.1761,20,26,-0.23,0.2,-57
"208","SMC03011","SMC03011_2013-06-13 00:00:00_1",2013-06-13,0.571698744825379,0.621262429169581,-18,0.0239,0.2596,-45,NA,NA,NA,32.9207,-70,-2.4778,0,47,87,0.4956,3.1315,-18
"209","SMC03216","SMC03216_07/27/11_1",2011-07-27,0.984617103,0.983594137,-1,-0.0084,-0.0086,0,NA,NA,NA,-0.0182,0,-0.007,0,0,0,-0.0076,0.0106,-1
"210","SMC03268","SMC03268_05/28/09_1",2009-05-28,0.460924173,0.326753969,177,-0.508,-0.2808,-127,NA,NA,NA,391.9003,-78.5,306.2032,-1e-04,148.5,-44,8.9933,13.4839,22
"211","SMC03280","SMC03280_08/11/11_1",2011-08-11,1.050676142,1.094679658,-3,-0.0134,-0.0129,0,-7,2.5245,0,-0.00145,-1,-0.0111,0,0,0,-0.0065,-0.0105,0
"212","SMC03304","SMC03304_2011-06-29 00:00:00_1",2011-06-29,0.735957162397977,0.703561092562947,NA,NA,NA,NA,NA,NA,NA,NA,NA,5.1246,NA,147,NA,NA,NA,NA
"213","SMC03438","SMC03438_2012-07-02 00:00:00_1",2012-07-02,0.641155251057948,0.690681588742899,-64,0,-0.32,-3,NA,NA,NA,1.1853,-46,-0.8205,-0.2639,-5,-4,0.46,-0.7,-15
"214","SMC03523","SMC03523_2013-06-11 00:00:00_2",2013-06-11,0.530693064546679,0.611198726827407,-36,0.0183,0.0099,-5,-8,-2.4065,-63,38.1653,-48,9.9001,0,61,90,-0.0013,-3.8704,-92
"215","SMC03984","SMC03984_06/18/12_1",2012-06-18,0.919787625,1.024797919,0,-0.0167,-0.0132,0,0,0.0088,0,0.57645,0,0.7027,0,0,0,0,-0.0546,0
"216","SMC04000","SMC04000_2012-07-30 00:00:00_1",2012-07-30,1.18133870348615,1.24229154353094,0,-0.00325,-0.0022,0,NA,NA,NA,0.1289,0,0.06075,0,0,0,0,4e-04,0
"217","SMC04008","SMC04008_2012-06-19 00:00:00_1",2012-06-19,0.585467302611353,0.663550134919856,0,0.1073,0.9387,-44,0,101.5857,-61,99.1639,-49.5,61.4025,0,26,37,0,-2.6318,-90
"218","SMC04175","SMC04175_2009-06-11 00:00:00_1",2009-06-11,0.831149531229538,0.742447851924707,-0.5,-0.08445,-0.11755,-32,NA,NA,NA,10.5554,-3,13.9781,0,0,0,-0.3933,-0.0629,-1
"219","SMC04204","SMC04204_07/11/12_1",2012-07-11,0.878227598,0.91970473,-31,-0.02,0,-9,NA,NA,NA,0.0071,-23,0.009,-0.0357,0,0,-0.509,0,-25
"220","SMC04239","SMC04239_2009-06-11 00:00:00_1",2009-06-11,1.04112151949434,1.16863399201993,-8,0.1765,0.1843,-24,NA,NA,NA,32.4393,0,33.06125,0,0,0,-0.0805,-0.0292,-1
"221","SMC04294","SMC04294_2013-07-11 00:00:00_1",2013-07-11,0.573995417306981,0.537961692404967,-15,-0.8035,-1.0988,-19,0,23.637,-9,34.6732,0.5,78.22975,0,47,48.5,-0.4916,-0.77455,-26.5
"222","SMC04308","SMC04308_2009-06-17 00:00:00_1",2009-06-17,0.773065667810897,0.711437788701013,52,-0.0242,-0.0391,-183,NA,NA,NA,116.9324,10,83.3925,-0.05045,14,2,-0.19615,-1.1574,-20.5
"223","SMC04383","SMC04383_06/09/10_1",2010-06-09,1.175953336,1.102503531,0,-0.00055,-0.00075,0,NA,NA,NA,-0.00235,0,-0.0065,0,0,0,0.0064,0.00275,0
"224","SMC04426","SMC04426_2011-07-25 00:00:00_1",2011-07-25,1.06427822834434,0.872339923951527,0,-0.00755,-0.0079,0,NA,NA,NA,-0.0065,0,-0.004,0,0,0,-0.004,0.0013,0
"225","SMC04682","SMC04682_2011-07-25 00:00:00_1",2011-07-25,0.897101249825657,0.637070645051821,3,0.0054,0.0617,-1,NA,NA,NA,0.1787,-1,0.2889,0,0,0.5,0,-0.0435,-0.5
"226","SMC04749","SMC04749_2009-06-23 00:00:00_1",2009-06-23,0.631633106887866,0.55495735541218,104.5,0.03125,0.06895,-188,-6,-18.7445,-12,34.9249,6,38.71795,-7e-04,-1,-10,-0.0219,-0.0025,-57
"227","SMC04756","SMC04756_07/07/10_1",2010-07-07,0.369182377,0.416029155,192.5,-0.1909,-0.1096,-137.5,NA,NA,NA,219.6119,-75.5,89.903,-1e-04,-159,-45,0.8908,13.49505,21
"228","SMC04806","SMC04806_2013-07-11 00:00:00_1",2013-07-11,0.700601045376187,0.669829538016139,-162,-0.002,-0.0579,18,-2,57.255,-27,112.3733,-22,36.8396,2e-04,62,123,-0.8251,0.2314,-35
"229","SMC04880","SMC04880_2012-06-06 00:00:00_1",2012-06-06,0.805417729282101,0.8481417065366,-5,0,5e-04,-10,NA,NA,NA,-0.0749,-41,-1.1,0,0,0,0,0,0
"230","SMC05146","SMC05146_2012-07-10 00:00:00_1",2012-07-10,0.844256496561217,0.809543700610897,1.5,0.0173,0.0393,-3,NA,NA,NA,0.3411,-3,-0.15755,0,0,0.5,5e-04,-0.38,-0.5
"231","SMC05199","SMC05199_2011-07-06 00:00:00_1",2011-07-06,0.936441823977349,0.973253045156808,-144,-0.09025,-0.18045,-1,NA,NA,NA,12.1592,0,21.00135,0,0,0,-0.082,-0.086,0
"232","SMC05230","SMC05230_2012-07-02 00:00:00_1",2012-07-02,0.355510210507364,0.380703214806291,132,-3.1855,-1.8355,-73.5,NA,NA,NA,2701.5905,12.5,2749.4026,3e-04,130.5,13,-17.5213,234.35235,-83
"233","SMC05296","SMC05296_2012-06-26 00:00:00_1",2012-06-26,1.12538663398764,1.02919476277993,0,0.2446,-0.01,0,0,11.249,-61,3.50905,0,-0.5946,0,0,0,0.0285,-0.67565,0
"234","SMC05402","SMC05402_2011-07-28 00:00:00_1",2011-07-28,0.933931619282047,0.890167728880791,0,-0.0972,-0.0246,-4,-1,15.4036,-2,1.5432,-3,1.2875,0,-1,-6,-0.1169,-0.0935,-3
"235","SMC05702","SMC05702_2010-06-07 00:00:00_1",2010-06-07,0.918026581638217,0.996655311760527,158.5,0.0677,0.49465,-186,1,67.0398,-8,106.9374,37.5,99.1572,0.02645,66.5,23.5,-1.8569,-1.60625,-45
"236","SMC05759","SMC05759_06/21/10_1",2010-06-21,0.628773991,0.585742424,-131,-0.40755,-0.5047,-2,NA,NA,NA,121.1835,-12,123.21985,0,0,0,-0.5453,1.6207,-11
"237","SMC05956","SMC05956_2012-06-19 00:00:00_1",2012-06-19,0.618546329913978,0.574234835608495,157.5,-0.1442,-0.14075,-144,NA,NA,NA,163.6358,-53,236.2118,0,142,-57.5,-0.30205,2.52815,11.5
"238","SMC06079","SMC06079_2013-06-26 00:00:00_1",2013-06-26,0.767349384370397,0.737383504589128,0,-0.0079,-0.0137,0,-13,1.6918,0,0.61655,0,0.6292,0,0,0,0.00195,-0.02765,0
"239","SMC06216","SMC06216_2014-06-03 00:00:00_1",2014-06-03,0.717265219245593,0.76630075569315,-2,-0.0717,-0.0655,-1,0,23.364,-1,-0.0408,-1,1.10015,5e-05,-1,-1,-0.07145,-0.5336,-1
"240","SMC06298","SMC06298_2012-07-17 00:00:00_1",2012-07-17,0.867751940241526,0.908876708483317,0,-0.008,-0.014,0,NA,NA,NA,-0.0924,0.5,0.10155,0.00035,-0.5,-0.5,1e-04,0.36775,0
"241","SMC06302","SMC06302_2012-06-28 00:00:00_1",2012-06-28,0.309297835955444,0.482524233592528,-28.5,0.0313,0.1174,-17.5,2,166.5097,-61,123.0032,-60.5,100.26785,0,37.5,66.5,0,-7.5182,-24.5
"242","SMC06356","SMC06356_2013-06-10 00:00:00_1",2013-06-10,0.447846096987342,0.573721880821329,49,-0.0217,-0.0933,-150,NA,NA,NA,116.36795,9.5,85.23775,-0.05025,14,31.5,-0.2008,-1.17855,-20.5
"243","SMC06467","SMC06467_2010-06-28 00:00:00_1",2010-06-28,0.783867470102808,0.847688444865705,0,-0.00035,-0.00055,0,NA,NA,NA,0.01385,0,0.0289,0,0,0,0.0034,-0.00035,0
"244","SMC06740","SMC06740_2013-06-10 00:00:00_1",2013-06-10,0.658419118055195,0.527946189853818,-0.5,0.00995,-2.35385,-10,10,-0.8715,-27,32.91265,-49.5,11.0326,0,42.5,56.5,0,-0.1622,-14
"245","SMC06794","SMC06794_2012-07-18 00:00:00_1",2012-07-18,0.766154302748784,0.803494916678266,-3.5,0.02575,0.0109,-0.5,NA,NA,NA,-0.01525,-0.5,-0.15865,1e-04,0,2,7e-04,-0.7938,-2
"246","SMC06863","SMC06863_2011-07-21 00:00:00_1",2011-07-21,0.974294735511265,0.977233142182457,0,-0.00435,-0.0075,0,0,0.64215,0,0.08545,0,0.0081,0,0,0,-0.00025,-0.0087,0
"247","SMC06918","SMC06918_2012-07-16 00:00:00_1",2012-07-16,0.493743594568411,0.496364281094759,-93.5,-0.08085,-0.1243,35,NA,NA,NA,64.0825,-7,61.08615,-0.0286,41.5,68,-0.0293,-0.035,-31
"248","SMC07126","SMC07126_2012-07-12 00:00:00_1",2012-07-12,0.397644323409105,0.512359078585249,-45,0,0.71,8.5,NA,NA,NA,150.565,-24,70.5662,-0.174,35,55.5,-0.23,-0.345,-71
"249","SMC08094","SMC08094_2012-06-28 00:00:00_1",2012-06-28,0.502734868939724,0.485605009640734,-55.5,-0.1405,-0.2484,28,NA,NA,NA,28.4295,-4.5,20.9455,-0.01595,-2,1,-0.1063,-0.1095,-77
"250","SMC08150","SMC08150_2014-07-08 00:00:00_1",2014-07-08,0.55098389930186,0.583129629619987,102,-1.01755,-122.3989,-181,1,-732.4539,-7,307.8542,-2,221.46075,-0.0082,90.5,20.5,-0.6495,0.2425,-20.5
"251","SMC08655","SMC08655_2012-06-21 00:00:00_1",2012-06-21,0.969963897245574,0.918338386362694,0,-0.0062,-0.0068,0,0,0.3476,0,0.18255,0,-0.04475,0,0,0,7e-04,-0.01045,0
"252","SMC08766","SMC08766_2018-07-10 00:00:00_1",2018-07-10,0.70249262477807,0.672204983155409,-63,-6.7046,-10.2871,-190,NA,NA,NA,1296.3388,-86,855.78085,-0.00585,0,53,-3.0071,-6.8273,-22
"253","SMC08845","SMC08845_2009-06-22 00:00:00_1",2009-06-22,0.913808342245201,0.819948990811984,-9,0,0.009,-5,NA,NA,NA,0,-20,0.0721,-0.0807,-1,-7,0.009,0.398,-11
"254","SMC09118","SMC09118_2013-05-22 00:00:00_1",2013-05-22,0.711917014022326,0.616523211779124,-55,-0.2159,-0.36195,28,NA,NA,NA,43.3867,-4,32.383,-0.0263,26,12,-0.1542,-0.092,-16
"255","SMC09286","SMC09286_2010-06-09 00:00:00_1",2010-06-09,0.973336315329798,1.04959020459639,-77,-1.64515,-4.55615,-222,NA,NA,NA,432.81425,-3,244.5816,-0.0275,76,63,-0.545,-0.6792,-27.5
"256","SMC09325","SMC09325_2012-06-21 00:00:00_2",2012-06-21,0.566260521024645,0.572557487506558,-6,0,0,1,NA,NA,NA,9.8779,1,2.678,0,73,5,0,0,-5
"257","SMC09503","SMC09503_2012-06-04 00:00:00_1",2012-06-04,1.04067465434001,1.11664193160113,0,-0.00095,-0.0014,0,NA,NA,NA,-0.00085,0,-0.0085,0,0,0,0.00855,0.00865,0
"258","SMC09534","SMC09534_2018-07-10 00:00:00_1",2018-07-10,0.79709061270497,0.73844181563886,72.5,-0.58125,-6.36695,48,NA,NA,NA,1735.32845,76,822.0335,-0.05565,106.5,63,-2.48805,-2.4061,-10
"259","SMC10685","SMC10685_2010-07-01 00:00:00_1",2010-07-01,0.658141218964268,0.6143521649554,-43,0,2.5744,39,NA,NA,NA,518.5117,-27,633.9959,-0.1776,-17.5,6.5,-0.2641,5.37195,-20
"260","SMC11343","SMC11343_2012-06-04 00:00:00_1",2012-06-04,0.836787308937861,0.855640858623241,-0.5,0.5532,0.6416,-4,-5,89.2908,0,11.66355,-3,26.1395,-0.0763,0,0,0.031,0.6879,-1
"261","SMC11727","SMC11727_2010-06-09 00:00:00_1",2010-06-09,0.864458881831144,0.855235814975349,0,-0.0122,-0.0151,0,0.5,1.4848,0,-0.0497,0,0.2032,0,0,0,0.0079,-0.0193,0
"262","SMC12862","SMC12862_06/27/11_1",2011-06-27,0.875023345,0.802261,-72.5,-4.8278,-9.5439,39.5,NA,NA,NA,684.9892,22,599.9777,-0.0222,0,39,-3.2879,-1.9115,-26
"263","SMC13062","SMC13062_2013-07-23 00:00:00_1",2013-07-23,1.03840515481069,1.02478655520402,-90,-0.1173,-0.1346,34,NA,NA,NA,71.3533,-1,71.8344,-0.0465,47,68,-0.029,-0.002,-21
"264","SMC13214","SMC13214_2013-05-22 00:00:00_1",2013-05-22,0.577535604252798,0.549518162117078,-73,0.3805,256.6344,43,NA,NA,NA,1637.1189,43,1756.964,0.0394,-1,4,0.4743,294.2134,-5
"265","SMC13599","SMC13599_2012-06-04 00:00:00_1",2012-06-04,0.946062745909268,1.06243147884221,0,-0.00065,-0.0016,0,NA,NA,NA,-0.00055,0,-0.0081,0,0,0,0.00785,0.0029,0
"266","SMC13630","SMC13630_2012-06-21 00:00:00_1",2012-06-21,0.691058514040107,0.644757190457239,130,0.0852,0.4961,-155,NA,NA,NA,1280.8167,-11,408.76105,-0.0478,105,69.5,-1.12115,-11.2051,-15.5
"267","SMC14099","SMC14099_2013-06-13 00:00:00_1",2013-06-13,0.657175215978184,0.696625084855108,-14,0.0049,0.0858,-27.5,NA,NA,NA,32.59765,-67.5,8.13425,0,53,74,0,-1.0674,-18
"268","SMC16446","SMC16446_2012-06-21 00:00:00_1",2012-06-21,0.864957907690711,0.902258183811026,-3,-0.0393,-0.03985,-27,NA,NA,NA,14.788,-10,13.29065,0,0,0,-0.0187,0.0295,-0.5
"269","SMC16832","SMC16832_06/18/10_2",2010-06-18,0.890997233,0.758092249,-11,-2.26015,-3.51475,-3,NA,NA,NA,1289.976,26,1005.8529,-0.0414,48,51,-1.8246,-6.5027,-20
"270","SMC16980","SMC16980_2011-07-06 00:00:00_1",2011-07-06,0.847146906674173,0.787130415733448,10,0.00795,0.05405,-1.5,NA,NA,NA,10.2146,-2,19.5022,0,0,1,-0.0242,0.0141,-1
"271","SMC18545","SMC18545_2013-06-25 00:00:00_1",2013-06-25,0.658962724618792,0.72127237866174,0,-0.00335,-0.0049,0,0,0.0686,0,-0.03235,0,0.0213,0,0,0,-0.0011,0.0022,0
"272","SMC19809","SMC19809_2013-06-25 00:00:00_1",2013-06-25,1.22754482190718,1.26104513648629,0,-0.00055,-0.00085,0,NA,NA,NA,-0.0026,0,-0.0068,0,0,0,0.0069,0.00705,0
"273","SMC19945","SMC19945_2013-06-25 00:00:00_1",2013-06-25,0.907576811401868,0.9452602998924,0,-0.0051,-0.0154,0,0,0.458,0,0.1751,0,-0.0335,0,0,0,-0.0011,-0.0087,0
"274","SMC20032","SMC20032_06/18/10_1",2010-06-18,0.857560064,0.672716797,14,-1.45345,-1.84625,-53,NA,NA,NA,1414.2943,-52,870.59695,-0.0436,53.5,51,-1.1628,-7.9217,-3
"275","SMC21822","SMC21822_2010-06-21 00:00:00_1",2010-06-21,0.433241872679526,0.40768076379978,-4,0.1316,240.6021,69,7,1740.9871,-12,1478.62325,75.5,1838.2307,0.03145,-13,6,0.0718,110.05595,-49
"276","SMC24222","SMC24222_2010-06-21 00:00:00_1",2010-06-21,0.498135323229551,0.508918082929501,-4,0.1446,260.5718,55.5,NA,NA,NA,1176.41305,55.5,1361.1934,0.0336,0,22,6.23085,211.4014,-6
"277","SMC26909","SMC26909_2010-05-31 00:00:00_1",2010-05-31,0.42619179864235,0.415264560316237,159,1.7931,4.216,-39,NA,NA,NA,717.2454,-39,451.0095,0,92,4,-0.2303,-5.4846,-4
"278","SMC27709","SMC27709_2010-05-31 00:00:00_1",2010-05-31,0.417544593426944,0.402506701673225,161,1.4461,3.4489,-39,NA,NA,NA,702.7079,-39,436.76595,0,92,5,-0.2169,-5.2996,-5
"279","SMC29064","SMC29064_2012-06-25 00:00:00_1",2012-06-25,1.1238744064254,1.00621450272714,-1,0,0,-4,NA,NA,NA,-0.0089,-4,0,0,0,0,0,0,0
"280","SMC32897","SMC32897_2010-06-21 00:00:00_1",2010-06-21,0.688744978999821,0.700982661733,NA,NA,NA,15,NA,NA,NA,NA,NA,NA,NA,NA,NA,NA,NA,NA
"281","SMC34888","SMC34888_2010-06-24 00:00:00_1",2010-06-24,0.777288243210764,0.738021272432431,0,0.0225,0.0236,-2,0,-12.7322,-20,-0.1115,-1,0.28035,0,-1,-0.5,0,0.3664,0
"282","SMC35837","SMC35837_2012-06-25 00:00:00_1",2012-06-25,0.68061584306812,0.804816822188974,1,-0.0193,-0.0137,0,NA,NA,NA,1.2948,0,2.3273,0,0,0,-0.0254,-0.0172,-1
"283","SMC40887","SMC40887_2013-06-12 00:00:00_1",2013-06-12,0.474411475518429,0.365952950752471,0,-0.2206,0.6163,-275,NA,NA,NA,481.849,-25,217.18665,4e-04,-1,11.5,-3.2352,-4.7627,-34
"284","SMCR8_218","SMCR8_218_2009-06-22 00:00:00_1",2009-06-22,1.24292718647037,1.20578459031316,-2,-7e-04,-0.0068,0,-3.5,0.19095,0,-0.0153,0,-0.0057,0,0,0,-0.0013,-0.0026,-1
"285","SMCR8_219","SMCR8_219_2009-07-06 00:00:00_1",2009-07-06,0.894239041025676,0.746897562800925,-1,0,0,0,NA,NA,NA,0,-1,0,-5e-04,0,0,0,0,0
"286","SMCR8_474","SMCR8_474_2009-07-05 00:00:00_1",2009-07-05,0.944469805192688,0.97896273709209,-1,0,0,-7,NA,NA,NA,0,-8,0,0,1,0,0,0,0
"287","SMCR8_513","SMCR8_513_2009-06-22 00:00:00_1",2009-06-22,0.84593121377067,0.863217466382504,NA,NA,NA,-0.5,NA,NA,NA,0.16985,-0.5,0.28775,1e-04,0,8.5,0.22535,-0.8676,-8.5
"288","SMCR8_605","SMCR8_605_2009-07-01 00:00:00_1",2009-07-01,0.872170764385714,0.926313819336291,-2,-0.00905,-0.0191,-1,NA,NA,NA,-0.0251,0,-0.1423,0,0,-5,-0.0029,0.0325,-2
"289","SMCR8_688","SMCR8_688_2009-07-01 00:00:00_2",2009-07-01,0.980256568164875,1.04049053237423,0,-6e-04,-8e-04,0,NA,NA,NA,-0.0109,0,-0.0115,0,0,0,0,-0.0023,0
